{"distToExit": 415.7509068439568, "proportionWallsOnPath": 1.0, "dirGoalNegX": 1.0, "dirGoalPosX": -897.982984514214, "dirGoalNegY": 1.0, "dirGoalPosY": 338.5509592507195, "distToRandomMonster": 1.0, "distToAggressiveMonster": 1.0, "numMonsters": 1.0, "dirMonsterNegX": 1.0, "dirMonsterPosX": 1.0, "dirMonsterNegY": 1.0, "dirMonsterPosY": 1.0, "canPlaceBomb": 371.58829537874914, "inBombPath": -3040.3863087073523, "dirBombNegX": -175.57989339741533, "dirBombPosX": 513.8479260719649, "dirBombNegY": 344.01923242764457, "dirBombPosY": 339.7593437027575, "timeUntilBombExplodes": -5378.3468875883445, "nextToExplosion": -181.48129494418413, "numMovesAvailable": 491.3527396931168, "bombHitWall": 51.12519505769444, "bombHitMonster": 1.0, "bombHitChar": -10371.588295378748, "charKilledByMonster": 1.0, "charWins": 1.0, "trainingDuration": 500}