{"distToExit": 38.592513819129884, "numTurnsLeft": 47.48339685831213, "freePathToExit": 17.926377005745664, "dirGoalNegX": 1.0, "dirGoalPosX": -42.85043193557344, "dirGoalNegY": 1.0, "dirGoalPosY": -337.39363312793563, "distToRandomMonster": -38.96551012139927, "distToAggressiveMonster": 3.4402821086260467, "numMonsters": 25.26952003927541, "dirRandomNegX": -36.23882927318446, "dirRandomPosX": 16.357786780673084, "dirRandomNegY": -40.26139148610793, "dirRandomPosY": 37.583096272788545, "dirAggressiveNegX": -22.32798503974129, "dirAggressivePosX": 15.789638764846183, "dirAggressiveNegY": -46.36112052155141, "dirAggressivePosY": 18.040404792671847, "wallInBombPath": 1.0, "bombHitWall": 22.53343591432458, "bombHitMonster": 95.28302579174209, "bombHitChar": 1.0, "charKilledByMonster": 1.0, "charWins": 1.0, "trainingDuration": 900}