{"distToExit": 775.6322640549813, "numTurnsLeft": 146.29308771573102, "freePathToExit": 298.01749708723185, "dirGoalNegX": 1.0, "dirGoalPosX": -47.149087204484864, "dirGoalNegY": 1.0, "dirGoalPosY": -394.7538100779247, "distToRandomMonster": 104.79955868497419, "distToAggressiveMonster": 91.20716981486095, "numMonsters": -63.75944102008053, "dirRandomNegX": -24.85376656849012, "dirRandomPosX": 31.98499852626985, "dirRandomNegY": 3.8443808943656093, "dirRandomPosY": -37.75464424916409,"dirAggressiveNegX": -24.85376656849012, "dirAggressivePosX": 31.98499852626985, "dirAggressiveNegY": 3.8443808943656093, "dirAggressivePosY": -37.75464424916409, "wallInBombPath": 1.0, "bombHitWall": 0.3751613225040884, "bombHitMonster": 97.73111277495441, "bombHitChar": -239.91639214134028, "charKilledByMonster": 1.0, "charWins": 440.52306321832026, "trainingDuration": 2091}