{"distToExit": -6.952781560891297, "numTurnsLeft": 314.74950540880513, "freePathToExit": 123.44042518811038, "dirGoalNegX": 1.0, "dirGoalPosX": -75.86722824082388, "dirGoalNegY": 1.0, "dirGoalPosY": -558.619778362652, "distToRandomMonster": 1.0, "distToAggressiveMonster": 13.754817441784674, "numMonsters": -28.534130825153618, "dirRandomNegX": -29.098230331986517, "dirRandomPosX": 49.94771324296562, "dirRandomNegY": -115.0685725737767, "dirRandomPosY": 17.322889711674097, "dirAggressiveNegX": -29.098230331986517, "dirAggressivePosX": 49.94771324296562, "dirAggressiveNegY": -115.0685725737767, "dirAggressivePosY": 17.322889711674097, "wallInBombPath": 1.0, "bombHitWall": 22.052734278569538, "bombHitMonster": 108.85008936485886, "bombHitChar": 1.0, "charKilledByMonster": 1.0, "charWins": 1.0, "trainingDuration": 1000}