{"distToExit": -80.23834260233293, "numTurnsLeft": -30.855679064670138, "freePathToExit": -20.31291845537976, "dirGoalNegX": 1.0, "dirGoalPosX": -146.3162125310581, "dirGoalNegY": 1.0, "dirGoalPosY": -380.6284636799168, "distToRandomMonster": 1.0, "distToAggressiveMonster": -5.199252692038773, "numMonsters": 84.70664525107627, "dirMonsterNegX": 53.524044875025275, "dirMonsterPosX": 5.754354208485017, "dirMonsterNegY": 46.02378292012025, "dirMonsterPosY": -9.654110051137918, "wallInBombPath": 1.0, "bombHitWall": -2.135971556315055, "bombHitMonster": 95.27435929167322, "bombHitChar": 1.0, "charKilledByMonster": 1.0, "charWins": 1.0, "trainingDuration": 379}