{"distToExit": -62.03749866962722, "numTurnsLeft": -53.82946035178802, "freePathToExit": -11.260693794516026, "dirGoalNegX": 1.0, "dirGoalPosX": -88.96066466315429, "dirGoalNegY": 1.0, "dirGoalPosY": -353.0387062131631, "distToRandomMonster": 1.0, "distToAggressiveMonster": -12.81448165994652, "numMonsters": 41.11119911981412, "dirMonsterNegX": 41.41771941865319, "dirMonsterPosX": 0.8262335882011079, "dirMonsterNegY": 15.878653430829605, "dirMonsterPosY": 0.3635197987173601, "wallInBombPath": 1.0, "bombHitWall": 1.1647633793843157, "bombHitMonster": 95.87334007261168, "bombHitChar": 1.0, "charKilledByMonster": 1.0, "charWins": 1.0, "trainingDuration": 320}