{"distToExit": -168.85227492411323, "numTurnsLeft": -222.56207281005763, "freePathToExit": 149.70863991673036, "dirGoalNegX": 1.0, "dirGoalPosX": 33.262123004972295, "dirGoalNegY": 1.0, "dirGoalPosY": -111.63928327785314, "distToRandomMonster": 145.64577169562895, "distToAggressiveMonster": 1.0, "numMonsters": -40.86562781731157, "dirMonsterNegX": -28.078515089235136, "dirMonsterPosX": 16.81558815292917, "dirMonsterNegY": 146.37982159354524, "dirMonsterPosY": -117.01191787748327, "wallInBombPath": 1.0, "bombHitWall": 19.1199051668819, "bombHitMonster": 98.09583207206812, "bombHitChar": -422.91867715919875, "charKilledByMonster": 1.0, "charWins": 1.0, "trainingDuration": 420}