{"distToExit": 318.76959672171756, "proportionWallsOnPath": 278.69078700837895, "dirGoalNegX": 1.0, "dirGoalPosX": -1000.0000000000001, "dirGoalNegY": 1.0, "dirGoalPosY": -1000.0000000000001, "distToRandomMonster": 1.0, "distToAggressiveMonster": 1.0, "numMonsters": 1.0, "dirMonsterNegX": 1.0, "dirMonsterPosX": 1.0, "dirMonsterNegY": 1.0, "dirMonsterPosY": 1.0, "canPlaceBomb": -839.198640728833, "inBombPath": -1000.0000000000001, "dirBombNegX": -999.9999999999999, "dirBombPosX": 1000.0, "dirBombNegY": -395.2118538181642, "dirBombPosY": -1000.0, "timeUntilBombExplodes": -999.9999999999999, "nextToExplosion": -536.0416666666667, "numMovesAvailable": -1000.0000000000001, "bombHitWall": 1000.0, "bombHitMonster": 1.0, "bombHitChar": 1.0, "charKilledByMonster": 1.0, "charWins": 1.0, "trainingDuration": 41, "sum_features": [810.2256689388902, 788.7555438842004, 0, 9820, 0, 10192, 0.0, 0.0, 0, 0, 0, 0, 0, 943, 4895, 3246, 3278, 3021, 3222, 2371.8999999999937, 1698, 8104.375, 506, 0, 0, 0, 0], "num_samples": 10250}