{"distToExit": -57.128411585931374, "numTurnsLeft": 21.13207259990236, "freePathToExit": 2.943985181965095, "dirGoalNegX": 1.0, "dirGoalPosX": -163.59385987452512, "dirGoalNegY": 1.0, "dirGoalPosY": -269.2869922917427, "distToRandomMonster": 1.0, "distToAggressiveMonster": -59.49086190673137, "numMonsters": -12.798633132096743, "dirMonsterNegX": -68.40165282212519, "dirMonsterPosX": -11.222751386706143, "dirMonsterNegY": 129.73798404299637, "dirMonsterPosY": -134.6112974535372, "wallInBombPath": 1.0, "bombHitWall": 5.1480826363360945, "bombHitMonster": 96.38140606390988, "bombHitChar": 1.0, "charKilledByMonster": 1.0, "charWins": 1.0, "trainingDuration": 102}