{"distToExit": -80.75440936434036, "numTurnsLeft": -54.832167093777905, "freePathToExit": 2.633753618425329, "dirGoalNegX": 1.0, "dirGoalPosX": -84.35865426492654, "dirGoalNegY": 1.0, "dirGoalPosY": -363.7833799638311, "distToRandomMonster": 1.0, "distToAggressiveMonster": -9.689047487939058, "numMonsters": 38.143325819873404, "dirMonsterNegX": 20.48384924051221, "dirMonsterPosX": 27.201943125664588, "dirMonsterNegY": 42.42138249625897, "dirMonsterPosY": 21.052205995198584, "wallInBombPath": 1.0, "bombHitWall": 2.174450877153732, "bombHitMonster": 96.98608194282203, "bombHitChar": 1.0, "charKilledByMonster": 1.0, "charWins": 1.0, "trainingDuration": 361}